time,volume,close,high,low,open
1584882000000,157.6376033759,6059.35,6138,5966.44,6022.26
1584885600000,81.6214643793,6062.64,6077,5980,6064.8
1584889200000,116.2473186795,6079.82,6100,5942.74,6069.58
1584892800000,106.0597407103,6040.05,6139,6007.42,6077.89
1584896400000,101.3064590069,6019.57,6075.92,5960.03,6040.14
1584900000000,126.2406806923,5992.4,6034.66,5861.35,6019.57
1584903600000,42.9484674882,5913.48,5992.4,5897,5992.4
1584907200000,138.7500062544,5924.01,5940.85,5785,5914.75
1584910800000,128.8352657808,6051.3,6138.6,5920,5926.1
1584914400000,119.4772011045,5875.99,6051.3,5841.2,6051.3
1584918000000,163.7747732564,5821.67,5902.96,5739.91,5875.99
1584921600000,345.1117672351,5905.75,5942,5680,5818.32
1584925200000,111.5893117595,5872.62,5929.93,5843.62,5904.76
1584928800000,108.3047909234,5900.64,5907.29,5828.71,5872.61
1584932400000,152.860959225,5959.14,5993.25,5883.84,5900.64
1584936000000,98.9188699478,5904.53,5993.57,5871.31,5956.12
1584939600000,67.9239546094,5878.02,5927.76,5857.96,5903.05
1584943200000,53.5461133888,5913.85,5936.7,5872,5877.33
1584946800000,87.4717911806,5850,5921.01,5850,5915.06
1584950400000,130.6788746122,5771.5,5889.72,5758.82,5857.79
1584954000000,130.7735233309,5794.05,5830,5736,5770.85
1584957600000,60.3965523553,5863.78,5869.05,5786.79,5794.6
1584961200000,133.074751995,5838.6,5928.38,5813.92,5864
1584964800000,769.9880016414,6322.31,6360.85,5838.6,5838.6
1584968400000,778.9248411226,6289,6589,6143.61,6321.71
1584972000000,157.6968138174,6210.67,6322.52,6194.43,6287.42
1584975600000,138.03284967,6230.44,6258.03,6157.15,6214.16
1584979200000,130.8499641243,6377.9,6378.58,6226.72,6232.09
1584982800000,88.667810155,6278.14,6379,6254.49,6377.9
1584986400000,49.68967797,6259.55,6316.32,6232.09,6277.25
1584990000000,36.9976553294,6269.3,6307.56,6241.86,6262.57
1584993600000,93.5975737009,6392.15,6438.88,6264.5,6269.26
1584997200000,74.4209102,6444.63,6493.71,6339.75,6392.15
1585000800000,88.2300216538,6442.28,6466.55,6354,6444.63
1585004400000,142.82890626,6471.2,6500.01,6408.57,6443.07
1585008000000,288.9349646314,6570.37,6666.48,6466.47,6469.76
1585011600000,157.4602395472,6543.82,6640.35,6509.01,6573.51
1585015200000,120.17290182,6602.7,6612,6523.34,6543.53
1585018800000,116.3446187789,6521.6,6630,6511.76,6602.7
1585022400000,156.18898421,6423.48,6547.11,6376,6521.6
1585026000000,68.2687174908,6475.71,6498.49,6396,6424.56
1585029600000,100.1529452524,6560,6581,6455.06,6475.65
1585033200000,130.222057075,6563.85,6614,6521.46,6560
1585036800000,430.7298547079,6718.36,6828.65,6563.98,6563.98
1585040400000,160.0188810074,6768,6800,6662.41,6718.36
1585044000000,205.645158331,6714.02,6800,6671.48,6768
1585047600000,127.5224872733,6734.35,6754.1,6633,6714.02
1585051200000,139.6869886256,6664.71,6737.16,6544.01,6733.38
1585054800000,193.4677709,6688.32,6764,6633.58,6663.01
1585058400000,125.9996431471,6617.25,6728.39,6597.01,6688.32
1585062000000,275.10222468,6587.27,6642.14,6467,6612.94
1585065600000,73.166335446,6602.02,6629,6513.05,6589.51
1585069200000,81.0942455128,6659.87,6701,6592.88,6602.02
1585072800000,55.9078316045,6656.9,6659.87,6562.17,6659.87
1585076400000,45.4993547342,6696.8,6734,6596.09,6657.16
1585080000000,39.76922395,6730.47,6766.62,6691.97,6700
1585083600000,25.9020879565,6694.93,6749,6620.52,6734.06
1585087200000,63.4420820122,6754.95,6790,6681.98,6699.98
1585090800000,56.6099859686,6748.49,6784.94,6710,6756.27
1585094400000,159.7135745515,6698.59,6749.13,6616.02,6748.6899999999
1585098000000,60.3405456133,6611.19,6718.17,6600,6704.51
1585101600000,165.8346767121,6593.52,6654.49,6537.51,6607.64
1585105200000,71.8752707419,6554.52,6613.92,6527,6593.97
1585108800000,62.9563482846,6621.66,6621.66,6531.91,6559.24
1585112400000,94.0001526997,6700.89,6709.61,6616.68,6621.64
1585116000000,58.890661679,6691.23,6718.99,6654.3,6703.92
1585119600000,47.0738803148,6674.27,6702.72,6626.88,6691.23
1585123200000,184.9912424882,6784.89,6799,6641.31,6672.2
1585126800000,389.324463311,6865.69,6954.17,6766.39,6783.87
1585130400000,407.6643690544,6593.53,6902.7,6536,6865.69
1585134000000,209.8004755884,6516.99,6630,6460,6597.84
1585137600000,112.499036205,6585.57,6597.87,6507,6520.01
1585141200000,280.29120288,6578,6800,6570,6585.57
1585144800000,178.166943498,6628.91,6650,6517.29,6579.61
1585148400000,72.481460101,6625.37,6668.89,6595,6629.04
1585152000000,75.9438303982,6666.42,6705,6604.96,6619.22
1585155600000,21.1572772225,6645.12,6685.36,6636.35,6666.42
1585159200000,35.6259788616,6649.46,6659.86,6576,6645.12
1585162800000,18.9039221037,6617.14,6672.93,6600.81,6649.46
1585166400000,14.91296765,6593.25,6639.79,6578.65,6620.63
1585170000000,19.6665832589,6601.12,6612.24,6557.16,6593.14
1585173600000,48.5492568509,6687.35,6697.76,6601.12,6601.12
1585177200000,42.62273509,6677.52,6700,6643.82,6687.35
1585180800000,85.9473322207,6742.52,6777,6678.28,6678.3
1585184400000,65.1369990367,6691.28,6748.87,6674.41,6741.1
1585188000000,34.84974911,6684.12,6704.55,6654.27,6691.28
1585191600000,95.53167589,6727.55,6744.65,6668.87,6687.23
1585195200000,66.341397587,6690,6760,6681.08,6726.22
1585198800000,67.1529205995,6629.44,6711.23,6616,6689.31
1585202400000,72.5836504743,6640.16,6680.01,6586,6629.99
1585206000000,118.9820775868,6587.45,6640.16,6562,6640.16
1585209600000,73.6775769945,6616.66,6635.55,6571,6591.18
1585213200000,48.730865379,6621.32,6647.41,6603.68,6616.66
1585216800000,46.25383986,6620,6642.85,6587.26,6621.32
1585220400000,130.749549555,6606.99,6669.47,6588.46,6618.07
1585224000000,101.2127581587,6623.44,6637.51,6580,6607.5
1585227600000,223.305445886,6638.58,6684.16,6519,6625
1585231200000,65.8867702652,6593.7,6635.07,6584.38,6635.07
1585234800000,33.2083892131,6613.43,6619.39,6565.45,6593.7
1585238400000,61.8237115652,6640.86,6660,6593.36,6619.12
1585242000000,28.18818031,6633.84,6679,6616.12,6640.86
1585245600000,9.1734593175,6651.2,6654.57,6628.58,6633.84
1585249200000,21.0948431379,6660,6673.46,6638.32,6650.5
1585252800000,38.8693060803,6720.04,6734.45,6652.75,6660
1585256400000,39.0320634055,6714.7,6750,6695.99,6722.22
1585260000000,19.6507305624,6700.35,6719.32,6672.83,6716.18
1585263600000,73.6334963033,6737,6760,6692.19,6700.81
1585267200000,164.5039980384,6805.64,6840.59,6738.04,6738.04
1585270800000,62.0828300626,6796.54,6823.2,6758.42,6808.38
1585274400000,28.2329172749,6788.69,6800.38,6753,6800.38
1585278000000,40.66902063,6791.33,6801.58,6778.603,6789.76
1585281600000,71.4824904146,6734.35,6824.46,6729.01,6791.33
1585285200000,147.52434091,6655.06,6740.06,6621.41,6739.2
1585288800000,32.0094181434,6676.57,6695.99,6637.98,6659.1
1585292400000,52.118671065,6699.03,6728.08,6673.88,6680.1
1585296000000,37.6873467821,6674.67,6698.64,6670,6698.64
1585299600000,45.9089122377,6648.94,6689.11,6642.85,6678.07
1585303200000,66.4449915485,6643.4,6677.52,6600.07,6648.94
1585306800000,59.06017712,6620.26,6690,6620,6643.4
1585310400000,106.1664650608,6634.02,6663.93,6588,6622.22
1585314000000,96.53462166,6594.51,6642.74,6575,6634.02
1585317600000,46.6491706209,6617.4,6623.59,6580.34,6594.89
1585321200000,35.12902313,6621.94,6656.51,6610.84,6616.01
1585324800000,26.8478772636,6642.77,6663.92,6591.85,6625.48
1585328400000,23.2836354089,6636.07,6652.74,6606.67,6642.77
1585332000000,10.9272944499,6649.18,6662.66,6625.06,6636.07
1585335600000,18.9460250787,6657.26,6684.99,6639.22,6649.18
1585339200000,4.6776327741,6670.26,6674.57,6633.81,6657.91
1585342800000,16.08996363,6675.28,6695.31,6655.68,6675.85
1585346400000,12.1212159847,6662.78,6676.5,6644.88,6675.01
1585350000000,400.3816782399,6361.81,6662.04,6289,6660.43
1585353600000,316.1003161798,6310.74,6361.81,6210,6361.81
1585357200000,109.5025235235,6275.38,6310.89,6251.81,6309.67
1585360800000,64.706125226,6255.97,6280.42,6233.18,6274.59
1585364400000,301.2005797789,6119.95,6262.96,6072.34,6255.97
1585368000000,124.4378736506,6173.43,6200,6097.92,6120.5
1585371600000,55.2420049254,6165.04,6191.77,6142.85,6173.43
1585375200000,93.607873635,6159.95,6172.5,6123.61,6165.18
1585378800000,115.3923447326,6185.71,6193.77,6164.95,6164.95
1585382400000,95.43361822,6256.4,6265.78,6168.1,6182.73
1585386000000,54.0417954807,6253.16,6286.72,6234.61,6258.25
1585389600000,69.0748866676,6261.33,6275.53,6216.46,6253.16
1585393200000,92.3945976,6234.35,6314.73,6226.03,6260
1585396800000,43.108796369,6236.1,6255.68,6214.28,6237.41
1585400400000,195.954141865,6222.96,6244.08,6164.46,6235.51
1585404000000,40.2274711733,6237.49,6248.76,6222,6222.96
1585407600000,186.71397781,6215.14,6267.92,6207.2,6237.35
1585411200000,22.4427135671,6231.99,6241.78,6197.22,6214.09
1585414800000,160.7543602597,6029.63,6236.91,6027.69,6232.01
1585418400000,119.8688013014,6165.63,6250,6026,6030.1
1585422000000,28.33562473,6215,6228.69,6170.19,6170.19
1585425600000,63.2425336662,6245.02,6293,6211.84,6211.85
1585429200000,51.0032016347,6217.97,6260.46,6170.19,6245.02
1585432800000,42.3769456336,6211.72,6244.77,6176.4,6219.6
1585436400000,35.8903591,6238,6265.78,6181.08,6211.72
1585440000000,48.5735381243,6208.37,6263.93,6194,6240.86
1585443600000,22.8863205707,6214.2,6223.25,6186.62,6212.31
1585447200000,19.0164460208,6200,6225.31,6197.92,6214.96
1585450800000,32.6842231146,6209.58,6213.97,6183.11,6201.35
1585454400000,64.7206659402,6200,6212.75,6186.97,6207.07
1585458000000,75.6252773718,6150,6200,6150,6200
1585461600000,28.2413202723,6154.39,6164.28,6133.34,6150.4
1585465200000,28.41846001,6152.33,6170.19,6116.16,6153.18
1585468800000,65.5767490944,6126.92,6154.07,6093.92,6154.07
1585472400000,34.5132196079,6089.31,6131.88,6081.61,6129.73
1585476000000,82.7004814201,6172.67,6207.37,6086.05,6088.91
1585479600000,74.9827362581,6138.17,6191.34,6133.22,6173.49
1585483200000,99.7378197831,6130,6150.6,6069.13,6139.33
1585486800000,41.6395892519,6124.37,6138.2,6100.11,6124.92
1585490400000,23.767805117,6144.92,6151.56,6109.86,6124.12
1585494000000,21.2164590932,6131.63,6144.87,6115.65,6144.58
1585497600000,72.5472977063,6084.77,6160,6061.79,6131.63
1585501200000,23.2740429875,6103.36,6118.23,6059.96,6088.76
1585504800000,30.7586894341,6064.57,6104.13,6061.22,6103.36
1585508400000,290.0169107806,5911.11,6088.77,5889,6064.16
1585512000000,61.5125785108,5946.89,5963.5,5869.77,5907.61
1585515600000,29.1566215584,5891.33,5949.43,5891.33,5948.14
1585519200000,46.6218220629,5913.49,5942.85,5879.41,5900.27
1585522800000,61.6400072279,5881.66,5931.13,5875.6,5920.53
1585526400000,67.6732405811,5902.99,5920,5858.06,5881.66
1585530000000,34.4799095353,5941.88,5945.32,5894.07,5904.1099999999
1585533600000,90.4531777244,5989.85,6020.88,5940.14,5942.03
1585537200000,34.3879399221,6004.1,6008,5982,5988.66
1585540800000,377.5071306746,6033.3,6040,5993.5,6008.26
1585544400000,359.1295605594,6201.11,6237.56,6034.17,6034.17
1585548000000,85.3908065718,6219.01,6245,6171.42,6202.5
1585551600000,200.0396594037,6238.53,6326,6217.75,6218.27
1585555200000,64.282313517,6267.62,6290.76,6238.81,6242.62
1585558800000,34.3399599234,6246.1,6280,6238.09,6271.53
1585562400000,68.86863428,6276.31,6309.31,6246.1,6246.1
1585566000000,158.2238793327,6355.94,6390,6268.94,6274.75
1585569600000,227.4109141301,6299.78,6374.15,6282.41,6356.17
1585573200000,214.453773946,6301.39,6343.63,6295.93,6299.99
1585576800000,79.339803785,6324.08,6334.28,6267.77,6301.39
1585580400000,193.8464074409,6340.85,6441.56,6323.25,6325
1585584000000,56.4991068506,6373.12,6386.93,6311.22,6345.14
1585587600000,27.61325357,6352.08,6380.87,6328.01,6375.62
1585591200000,28.2599931294,6364.92,6370.15,6328.77,6352.09
1585594800000,35.3178790907,6365.49,6400.99,6349.9,6364.92
1585598400000,129.6725160178,6461.07,6499.8,6365.1,6365.1
1585602000000,158.9798793995,6527.64,6562.45,6462.06,6462.06
1585605600000,105.4903327032,6465.57,6599,6443.6,6527.64
1585609200000,119.8846357962,6392.81,6482.9,6380,6460.59
1585612800000,85.509785654,6440,6466.21,6383.9,6395.56
1585616400000,43.8201582414,6512.38,6512.92,6440.72,6440.72
1585620000000,76.61899357,6452.13,6518.86,6446,6512.95
1585623600000,43.46619427,6439.54,6478.45,6410,6450
1585627200000,89.6188031472,6398.39,6457,6379.04,6440.44
1585630800000,59.7893424256,6416.22,6435.99,6381.57,6399.87
1585634400000,58.6245195823,6466.97,6466.97,6390.72,6415.78
1585638000000,46.3215652797,6444.71,6469.38,6426.11,6468
1585641600000,54.4519884788,6493.64,6504.14,6442.17,6444.47
1585645200000,32.765982845,6435.32,6497.09,6428.57,6494.47
1585648800000,31.2559947229,6427.23,6440.16,6407.59,6440.16
1585652400000,95.0859364993,6390,6428.48,6350,6427.16
1585656000000,102.9698296683,6445.71,6459.31,6327.56,6390.02
1585659600000,68.50806001,6428.18,6475.36,6407.59,6446.13
1585663200000,66.9751454175,6456.76,6477.6,6420.96,6420.97
1585666800000,71.0256553919,6451.36,6497,6428.82,6456.76
1585670400000,30.1172035598,6426.06,6469.62,6413.97,6451.37
1585674000000,23.7169040267,6454.35,6456.66,6400.5,6428.69
1585677600000,13.9358221679,6462.67,6485.53,6448,6452.05
1585681200000,15.023498782,6463.11,6471.73,6430,6462.67
1585684800000,31.4439852264,6461.27,6493,6450.7,6463.11
1585688400000,25.4984469,6444.92,6480.51,6419.21,6467.45
1585692000000,12.209288966,6433,6446.09,6421.34,6444.07
1585695600000,33.29125612,6412.75,6438.21,6396.46,6432.98
1585699200000,306.6861364938,6309.56,6423.34,6256,6413.48
1585702800000,59.6019813466,6292.23,6326.63,6285.71,6307.93
1585706400000,51.4107952587,6317.14,6320.7,6285.71,6292
1585710000000,59.5390377272,6365.44,6379,6312.77,6317.14
1585713600000,33.1136391339,6344.08,6372.76,6334.53,6366.82
1585717200000,52.0254730587,6304.07,6344.88,6292,6344.09
1585720800000,77.1939894414,6298,6321.15,6274.29,6306.11
1585724400000,42.05980721,6327.78,6339.71,6289.21,6300
1585728000000,41.7775339495,6305.52,6330,6287.22,6329.97
1585731600000,53.89138193,6298.97,6310.86,6265,6310.33
1585735200000,21.6868833876,6291.85,6317.64,6289.46,6301.98
1585738800000,37.31959283,6295,6303.86,6272.31,6297.89
1585742400000,196.8625972926,6223.39,6340.15,6211,6298.19
1585746000000,105.49329917,6207.27,6237.69,6171.42,6217.69
1585749600000,196.56856338,6251.3,6261.46,6201.49,6207.27
1585753200000,28.3765792309,6229.79,6255.58,6217.42,6251.3
1585756800000,63.2045757064,6188.23,6231.3,6151.18,6228.7
1585760400000,26.5358115742,6193.92,6213.67,6165.66,6184.34
1585764000000,20.6491378738,6186.72,6216.84,6185,6196.34
1585767600000,44.5930745389,6206.26,6210.99,6164.68,6186.72
1585771200000,88.8231169229,6338.6,6377.97,6194.39,6204.68
1585774800000,49.7037614183,6351.33,6400,6337.16,6338.61
1585778400000,254.5021119912,6520,6594.7281399999,6351.76,6354.08
1585782000000,364.1118111382,6642.03,6680.3536799999,6501.6,6520
1585785600000,798.0147715338,6612.82,6730,6580.13,6642.85
1585789200000,105.9778353031,6560,6635.76,6549.7,6613.95
1585792800000,119.38516403,6602.22,6615.86,6557.47,6561.53
1585796400000,40.96097442,6605,6612.86,6579.06,6604.5
1585800000000,65.17486983,6594.86,6631,6589.38,6605
1585803600000,42.1183034,6605.25,6605.51,6564.3,6595.56
1585807200000,73.0380155261,6638.76,6643.26,6589.56,6605.51
1585810800000,133.2248121,6643.43,6675,6612.24,6637.97
1585814400000,58.858499038,6650.86,6665,6606,6643.98
1585818000000,77.83263509,6639.03,6653.66,6626.32,6650.88
1585821600000,90.1309285674,6645,6705.5,6618.81,6637.93
1585825200000,97.78639713,6686.48,6698.41,6608.71,6645
1585828800000,169.4668652745,6655.31,6718.16,6616.01,6688.73
1585832400000,97.19493533,6638.29,6672.69,6621.44,6655.32
1585836000000,379.4434741172,6778.62,6814.57,6639.56,6643
1585839600000,153.0457416291,6803.3,6829.28,6723.92,6780.58
1585843200000,309.4163212854,6916,6916.58,6789.76,6805.69
1585846800000,690.6039408768,7084.16,7200,6916.01,6916.01
1585850400000,538.5389678743,6788.17,7086.37,6739.09,7084.16
1585854000000,223.5663539212,6802.88,6864.91,6732.01,6791.8
1585857600000,194.7854793602,6746.09,6802.88,6658,6802.88
1585861200000,84.9311499068,6828.97,6849.48,6715.3,6746.09
1585864800000,62.4672810008,6845.76,6867.48,6789.07,6830.65
1585868400000,71.82976626,6793,6845.46,6734.7,6845.21
1585872000000,48.2779348535,6741.2,6812.74,6731.69,6795.18
1585875600000,57.1212805548,6804.55,6808,6722.27,6742.63
1585879200000,65.08512725,6811.88,6828,6780,6803.58
1585882800000,106.26492543,6786.38,6825,6777.61,6812.09
1585886400000,51.41456959,6786.4,6796,6761.11,6786.39
1585890000000,39.4806784109,6779.49,6794.1,6749.55,6786.47
1585893600000,61.947053677,6798.81,6822.56,6765.9,6779.5
1585897200000,198.8124303,6928.57,6950,6789.44,6797.61
1585900800000,314.3641671033,6926.8,6976,6870.33,6931.53
1585904400000,101.3063836796,6959.22,6977.98,6892.81,6926.33
1585908000000,130.511634172,7014.81,7042,6911.38,6959.94
1585911600000,93.0980458769,7002.98,7033.71,6935.38,7014.81
1585915200000,354.4002679968,6913.99,7009.91,6842,7004.83
1585918800000,219.98799182,6836.27,6937.16,6824,6914
1585922400000,239.2260585998,6789.93,6857.93,6727,6840.02
1585926000000,208.965388976,6715.47,6823.08,6677.47,6791.45
1585929600000,225.3779276462,6752.33,6770,6607,6715.2
1585933200000,92.4338619718,6720.68,6796.58,6672,6752.33
1585936800000,42.6919586169,6744.47,6751.53,6680.16,6719.94
1585940400000,24.6022927957,6767.14,6787.99,6739.08,6746.22
1585944000000,62.4470169071,6698.86,6811.93,6680,6769.78
1585947600000,32.5392838213,6725,6755.37,6671,6697
1585951200000,33.8432223708,6769.29,6774.34,6711.94,6729.72
1585954800000,40.7338168606,6732.99,6779.54,6720.78,6765.21
1585958400000,51.470676109,6751.75,6762.11,6715.47,6736.58
1585962000000,63.536435682,6759.73,6800,6745.61,6755.15
1585965600000,58.6029911083,6682.31,6760.39,6681.82,6759.95
1585969200000,36.55918657,6699,6713.48,6666.86,6682.68
1585972800000,26.8172872256,6718.99,6737.12,6687.92,6699.01
1585976400000,51.2351716564,6729.25,6764.3,6710.06,6719
1585980000000,53.3564340767,6728,6734.98,6700,6730.02
1585983600000,27.9786367565,6732.6,6739.08,6719.08,6728.4499999999
1585987200000,57.6507366223,6780,6780,6730.47,6730.99
1585990800000,114.5018895098,6834.41,6858.22,6741.5,6780
1585994400000,92.40210919,6874.18,6887.75,6809.26,6837.96
1585998000000,276.0828685129,6700.01,6900,6652,6875.03
1586001600000,141.8229516432,6713.2,6733.33,6670,6700.01
1586005200000,67.78857517,6728.8,6748.22,6696.77,6715.13
1586008800000,69.6612887975,6711.9,6734.85,6702.53,6730.06
1586012400000,76.774140811,6734.11,6765.1,6710,6711.89
1586016000000,65.6061455403,6788.29,6798.03,6717.57,6732.86
1586019600000,43.4539142954,6777.81,6807,6763.48,6787.49
1586023200000,15.6526765134,6770.68,6800,6770,6778.35
1586026800000,37.4211465843,6749.42,6789.76,6723,6775.48
1586030400000,374.4976878897,6825.67,6992.58,6745.79,6749.42
1586034000000,69.6633408182,6858.16,6891.31,6827.37,6827.37
1586037600000,62.5319278697,6842.25,6877,6782,6858.99
1586041200000,26.1740203354,6857.38,6867.9,6823.01,6842.26
1586044800000,79.5441329372,6861.61,6894.42,6840.6,6857.83
1586048400000,48.3685061323,6846.16,6878.79,6833.35,6860.05
1586052000000,60.3329280759,6843.3,6846.16,6802.72,6846.16
1586055600000,39.05890814,6796.74,6841.94,6790.22,6841.73
1586059200000,45.7279425314,6775.6,6797.4,6751.02,6797.4
1586062800000,42.0129098596,6787.9,6840,6762.46,6777.67
1586066400000,48.4380749182,6775.7,6788.66,6742.05,6786.52
1586070000000,26.26028532,6771.61,6789.54,6758,6775.88
1586073600000,31.05296891,6781.87,6800.2,6751.38,6771.77
1586077200000,49.1260157231,6773.86,6828,6765.5,6784.03
1586080800000,42.7564475543,6748.83,6784.03,6745.1,6774.4
1586084400000,47.606539139,6776.51,6818,6748.22,6751.94
1586088000000,35.1243097212,6791.03,6795.71,6761.99,6777.3
1586091600000,48.7377607451,6797.32,6821.59,6781.44,6789.19
1586095200000,28.7656561468,6772.01,6800.54,6769.02,6800
1586098800000,20.5376971381,6786,6802.5399999999,6763.06,6773.04
1586102400000,20.1606854588,6784.28,6793.22,6768.25,6786.3
1586106000000,153.6972290233,6799.38,6828.57,6680,6784.28
1586109600000,42.2874204863,6793.23,6816.5,6780,6799.89
1586113200000,14.344438834,6792.35,6812.33,6786.44,6793.23
1586116800000,35.6972958842,6752.74,6794.5,6729.7,6793.44
1586120400000,11.7968308351,6756.03,6793.63,6721.92,6754.13
1586124000000,32.4537951703,6796.94,6805.1,6755.93,6759.13
1586127600000,14.09307597,6773.17,6803.37,6766.42,6799
1586131200000,116.7019964867,6865.25,6873.8669999999,6766.42,6773.77
1586134800000,71.5114321174,6840.32,6883.81,6830.66,6869.94
1586138400000,50.1209283659,6825.2,6847.72,6801.72,6840.56
1586142000000,37.8975150267,6845.28,6848.32,6824.32,6827.11
1586145600000,228.06268418,6942.49,6957,6843.37,6845.28
1586149200000,145.4486155322,6985,6999,6914.44,6944.35
1586152800000,277.524702675,7075.6,7095.5,6958.01,6989.45
1586156400000,189.825243909,7029.43,7100,6955,7078.49
1586160000000,86.555550655,7038.52,7080.99,7020.8,7030.85
1586163600000,248.2843466215,7101.98,7142,7038.71,7040.05
1586167200000,117.7679027956,7077.51,7150,7073.04,7103.44
1586170800000,58.145279578,7100.22,7117.97,7074.88,7076.29
1586174400000,143.8395626036,7133.53,7160.99,7099.2,7100.35
1586178000000,163.19085005,7100.99,7161,7040,7132.11
1586181600000,87.5031507343,7100,7114.29,7059.25,7100
1586185200000,75.645374255,7142.14,7145,7087.85,7100
1586188800000,214.5050994375,7146.13,7182.51,7084,7142.14
1586192400000,161.8260997314,7205.71,7214.2886,7138.26,7147.79
1586196000000,125.1493293189,7244.36,7249.89,7176.5,7206.62
1586199600000,215.4225503589,7265.21,7300,7228,7241.9
1586203200000,97.82258806,7216.58,7286,7188.23,7265.22
1586206800000,57.0796237506,7286.85,7286.85,7206.63,7218.35
1586210400000,69.3094678802,7267.69,7286.85,7234.34,7286.85
1586214000000,206.9026058016,7330.01,7350,7245.91,7267.7
1586217600000,446.4583204497,7369.93,7450,7305.92,7330.01
1586221200000,149.4137327487,7349.29,7410,7336.71,7369.93
1586224800000,229.4571018367,7308.24,7370.8,7260.01,7350.65
1586228400000,65.186361505,7322.14,7325.67,7265,7308.24
1586232000000,106.1234060741,7254.96,7322.83,7233,7322.14
1586235600000,39.0328553883,7277,7295,7245.52,7254.97
1586239200000,61.7288610312,7304.69,7304.69,7258.74,7279.15
1586242800000,146.8810638015,7377.03,7384.96,7298.64,7304.68
1586246400000,119.0300987039,7364.07,7390,7320,7377.56
1586250000000,33.704717799,7370.89,7375.67,7340,7360.01
1586253600000,162.8188293009,7420,7436.68,7366.41,7374.06
1586257200000,89.4671673312,7384.16,7422.67,7361.6,7420
1586260800000,205.6241613857,7339.23,7452,7300.47,7384.16
1586264400000,60.5868742821,7350,7394.08,7331.66,7335
1586268000000,151.6861842245,7282.87,7350.89,7266,7350.89
1586271600000,61.266747023,7320,7347.29,7282.87,7282.87
1586275200000,38.040724266,7367.31,7386.8,7320.01,7321.98
1586278800000,20.0109524265,7349.52,7371.17,7320.19,7369.47
1586282400000,33.3433325059,7302.19,7353.24,7285,7350.05
1586286000000,39.18161509,7283.75,7359.74,7283.75,7304.69
1586289600000,357.1379724023,7120,7291.94,7080,7291.94
1586293200000,110.0950650355,7171,7221.38,7090,7123.57
1586296800000,63.3369210392,7171.44,7202.47,7133.72,7170.68
1586300400000,43.6077680169,7201.03,7214.96,7163.8,7173.72
1586304000000,79.064270012,7154.34,7211.51,7152.07,7200.07
1586307600000,49.5054505737,7160.22,7188.65,7154.34,7154.34
1586311200000,125.5005806711,7265.23,7280.96,7160,7163.36
1586314800000,336.57197789,7354.96,7387.4,7263.85,7265.01
1586318400000,134.2378665387,7353.39,7374.53,7326.66,7355.94
1586322000000,85.5277810804,7410.96,7412,7330.58,7355.76
1586325600000,180.5793028149,7314.15,7419.74,7288.32,7410.96
1586329200000,64.510181046,7315.95,7346.38,7302.07,7314.15
1586332800000,39.8117952703,7282.79,7328.93,7261.57,7328.93
1586336400000,70.148046945,7302.16,7325.14,7270.35,7289.15
1586340000000,101.6386538078,7249.76,7339,7216.9,7302.8
1586343600000,64.5537064584,7295.04,7299.45,7234.06,7244.86
1586347200000,51.0673968744,7276.84,7340,7230,7296.06
1586350800000,65.30353349,7220.9,7305.93,7201.69,7278.08
1586354400000,59.4066770328,7266.47,7270.69,7220.54,7220.54
1586358000000,40.45853589,7276.84,7300,7257.9,7270.07
1586361600000,63.6665004386,7323.78,7332.48,7250.84,7276.84
1586365200000,26.8586681791,7309.39,7348.7,7294.15,7325.13
1586368800000,69.9017494626,7319.5,7336.93,7290.36,7309.35
1586372400000,567.5043129549,7295,7334.99,7262.44,7321.5
1586376000000,175.3080190505,7314.28,7359.17,7295,7295
1586379600000,56.5147085046,7319.3,7357.84,7293.73,7316.88
1586383200000,33.5252935684,7359.38,7374.99,7312.82,7321.44
1586386800000,36.816180089,7359.51,7387.44,7340,7360.15
1586390400000,33.9799743127,7342,7370.8,7326.09,7360.74
1586394000000,53.4789640623,7312.34,7350,7292.85,7348.66
1586397600000,26.08731966,7320.28,7326.66,7297.66,7313.72
1586401200000,90.32586522,7288,7320,7264.21,7320
1586404800000,69.2035859635,7290.87,7298.7,7240,7288
1586408400000,34.3143895573,7309.31,7309.31,7272.35,7290.87
1586412000000,21.4234834538,7317.59,7322.8,7294.12,7308.46
1586415600000,32.6631580422,7330.33,7336.51,7287.64,7318.19
1586419200000,43.6533978901,7329.58,7349,7312.6,7330.83
1586422800000,39.9316334817,7290.48,7329.53,7290,7329.53
1586426400000,21.6975335509,7310,7315.52,7279.66,7291.87
1586430000000,198.4004911777,7191.35,7326.53,7150,7310
1586433600000,674.0010191144,7304.92,7310,7130,7187.01
1586437200000,193.7077682198,7330.56,7341.28,7281.84,7305.41
1586440800000,94.9055564171,7322,7350,7289.15,7332.12
1586444400000,66.40674385,7283.84,7325.96,7250,7325
1586448000000,61.6954488539,7283.19,7302.51,7267.74,7282.79
1586451600000,18.5137802437,7296.64,7311.99,7273.52,7283.05
1586455200000,35.6946807811,7255,7299.71,7232,7299.71
1586458800000,11.0752781351,7261.15,7275,7244.37,7254.77
1586462400000,18.0758033655,7294.73,7305,7243.88,7264.74
1586466000000,6.888759215,7310,7310,7268.84,7297.74
1586469600000,18.73304753,7310,7312.63,7286.81,7310
1586473200000,35.3310546148,7287.14,7314.28,7277,7312
1586476800000,39.1833821151,7291.72,7291.82,7255,7287.14
1586480400000,30.8348428917,7261.41,7291.72,7255,7291.48
1586484000000,62.5727754912,7253.17,7270,7206.62,7262.92
1586487600000,195.45662947,7175,7252.89,7160,7252.89
1586491200000,265.249619908,7142.71,7177.48,7096.49,7177.48
1586494800000,530.4452753785,6955.22,7144.01,6917.68,7143.83
1586498400000,141.2672107949,6957.46,6998.05,6930.64,6955.13
1586502000000,237.5273885584,6920.99,6958.15,6872.31,6957.46
1586505600000,101.36959723,6914.28,6958.5,6872.2,6919.18
1586509200000,120.7916785086,6915.77,6930,6857.28,6917.97
1586512800000,76.7441016236,6933.14,6945.94,6895.67,6919.96
1586516400000,34.1622296991,6895.76,6934.62,6892.15,6934.62
1586520000000,31.5566585692,6920.4,6924.12,6885,6897.71
1586523600000,142.084839119,6897.36,6920.34,6801.83,6920.34
1586527200000,61.2238572796,6848.26,6905.99,6829.87,6897.36
1586530800000,287.7764889345,6767.72,6859.4,6742.39,6848.25
1586534400000,836.6740748555,6861.09,6862.07,6745.8,6767.72
1586538000000,68.8339670092,6865.71,6895,6841.42,6862.08
1586541600000,83.9580066245,6915.69,6920,6850,6868.18
1586545200000,89.8179431682,6901.82,6944.96,6856.64,6917.3
1586548800000,6.1503175852,6907.04,6915.57,6878.27,6902.51
1586552400000,21.1793764962,6892.62,6930.85,6882.03,6908.41
1586556000000,25.4291330198,6854.28,6913.1,6825,6895.47
1586559600000,30.2040723058,6860.64,6872.85,6822.51,6857.46
1586563200000,30.5451604187,6906.13,6909.39,6840,6860.65
1586566800000,41.4652620013,6905.37,6918,6882.62,6905.26
1586570400000,59.14551191,6906.49,6915.71,6890,6905.7
1586574000000,13.82840062,6905.95,6914.14,6890,6907.19
1586577600000,36.6962351095,6908.49,6939,6900,6909.94
1586581200000,20.8961322577,6922.7,6928.22,6895.01,6908.13
1586584800000,24.6054064,6920.45,6930,6910,6924.96
1586588400000,58.218980582,6878.57,6922.59,6862.34,6921.24
1586592000000,27.39054757,6879.07,6896.57,6861.97,6878.57
1586595600000,40.1050257607,6857.08,6884.91,6829.9,6879.95
1586599200000,21.5259767882,6841.3,6863.97,6835,6858.96
1586602800000,84.80146753,6878.35,6890,6835.78,6837.57
1586606400000,19.0029874081,6870.73,6886,6855.74,6877.88
1586610000000,12.53128471,6850,6879.15,6845,6875
1586613600000,73.2152014517,6818.78,6852.04,6800.4,6852.04
1586617200000,87.9872104,6833.97,6860,6818.78,6818.78
1586620800000,47.537925489,6813.41,6855.83,6792.94,6833.97
1586624400000,27.9700344268,6785,6823.72,6780,6812.43
1586628000000,19.7680079286,6810,6829.07,6780,6787.11
1586631600000,68.1932036004,6802.61,6833.67,6789,6812.6
1586635200000,39.474894882,6786.17,6805.86,6763,6805
1586638800000,32.05393046,6859,6869.05,6772.11,6787
1586642400000,37.8743611277,6858.71,6875.88,6841.85,6859.69
1586646000000,25.7887166373,6877.71,6882.03,6846.1,6858.52
1586649600000,19.4411442364,6864.27,6899.98,6861.97,6877.01
1586653200000,17.2648891043,6847.13,6877.82,6838.68,6864.85
1586656800000,214.7733655344,6818.47,6849.23,6800,6848.45
1586660400000,15.12492,6809.31,6825,6801.75,6818.47
1586664000000,27.9013861694,6815.34,6820.36,6777.9,6806.54
1586667600000,18.7772969303,6831.58,6841.14,6807.41,6815.92
1586671200000,16.15042997,6823.73,6836.34,6810.85,6829
1586674800000,12.8387701931,6828.81,6830.53,6807.21,6823.79
1586678400000,12.71549691,6831.07,6837.3,6824.44,6828.67
1586682000000,27.12681553,6842.78,6857.13,6830,6830.02
1586685600000,9.2612206059,6830,6848,6826.2,6842.37
1586689200000,29.2911862641,6848.45,6871.26,6830,6830
1586692800000,106.8032013008,6908.39,6925.74,6847.61,6847.61
1586696400000,44.5383517067,6913.67,6923.58,6882,6908.39
1586700000000,119.4797091814,6961.79,6997.78,6906.78,6913.67
1586703600000,53.5377954577,7010.75,7029.91,6960.3,6968.05
1586707200000,1019.7379731625,7142.1,7142.1,7000,7017.64
1586710800000,151.0865084341,7094.47,7177.72,7055,7142.1
1586714400000,38.904869752,7096.47,7108,7068.24,7094.94
1586718000000,26.6240980909,7112.14,7141.9,7095.02,7099
1586721600000,33.1971671463,7099.7,7150,7074.21,7114.66
1586725200000,23.5359483525,7109.18,7112.87,7072.05,7099.7
1586728800000,143.6187213797,7026.79,7135.37,6960,7109.18
1586732400000,90.2399382872,6905.84,7033.82,6888.01,7026.79
1586736000000,816.8891929659,6719.77,6904.52,6579.1242899999,6904.52
1586739600000,196.0242028592,6694.07,6737.08,6657.14,6720.47
1586743200000,116.0715551921,6721.35,6725.62,6661.64,6695.07
1586746800000,41.6805452863,6678.53,6721.57,6670,6721.57
1586750400000,79.2663867945,6693.49,6709.58,6645.32,6678.88
1586754000000,22.3163003789,6692.82,6711.16,6681.01,6689.78
1586757600000,47.1616983022,6733.37,6734.18,6686,6692.82
1586761200000,49.8620593226,6700.67,6735.03,6678.33,6734.91
1586764800000,23.3478155564,6702.87,6719.02,6684.6,6700.67
1586768400000,15.5928107224,6684.56,6703.54,6655.18,6703.54
1586772000000,33.55318688,6717.54,6720,6684.14,6685.37
1586775600000,151.2231619922,6776.39,6826.89,6700.38,6712.65
1586779200000,95.2591097328,6692.33,6776.68,6669,6776.68
1586782800000,71.2589848582,6619.08,6724.9,6606.01,6696.97
1586786400000,130.2043508502,6723.03,6761.1,6610.09,6619.08
1586790000000,74.2479337719,6765.45,6800,6700,6710
1586793600000,59.9715057027,6755.8,6796.41,6730.33,6765.45
1586797200000,13.3477484625,6750,6779.41,6744.18,6753.95
1586800800000,17.8186865341,6750.68,6779.7,6750,6753.94
1586804400000,29.1228885528,6777.59,6802.28,6751.03,6751.03
1586808000000,39.1707541416,6810.99,6826.88,6773.42,6773.42
1586811600000,51.8880667831,6823.27,6876.4,6794.03,6817.13
1586815200000,47.9639423714,6869.21,6888.88,6805,6824.75
1586818800000,65.5323526872,6839.09,6888.01,6819.99,6869.21
1586822400000,18.5275173575,6826.77,6872.99,6810.22,6836.11
1586826000000,38.6661753685,6846.31,6854.52,6805.45,6827.74
1586829600000,28.1798627468,6849.8,6870,6845.45,6848.84
1586833200000,61.0578164519,6883.09,6901.96,6836.39,6850.4
1586836800000,74.0404975083,6883.97,6918.57,6876,6886.34
1586840400000,61.2730918148,6882.42,6899.9,6868.57,6883.6
1586844000000,42.1522233638,6869.34,6880.88,6857.16,6879.96
1586847600000,41.4524930808,6826.03,6889.93,6817.66,6875
1586851200000,65.6739048799,6783.5,6817.66,6757.58,6817.66
1586854800000,33.8872212921,6845.04,6850.23,6763.69,6784.78
1586858400000,155.4174079021,6821.39,6875.69,6819.34,6846.2
1586862000000,28.6464502266,6826.52,6864,6810,6820.61
1586865600000,16.1166900911,6840.34,6843.47,6800,6829.18
1586869200000,56.0561157168,6887.98,6888,6838.09,6840
1586872800000,171.0655563493,6887.16,6949.99,6852.57,6888
1586876400000,54.370102388,6905.52,6934,6875.19,6892.85
1586880000000,72.6272021758,6948.05,6956.87,6882.62,6907.35
1586883600000,33.9048037791,6920.48,6975.4,6911.51,6947.09
1586887200000,14.2503265007,6908.62,6938.05,6891,6920.51
1586890800000,26.9474784595,6919.81,6921.48,6860,6908.53
1586894400000,63.2172216085,6865.19,6926.22,6837.23,6917.29
1586898000000,10.8132822644,6852.01,6882.22,6841.38,6866.82
1586901600000,20.0042649202,6875.79,6906.81,6837.2,6853.22
1586905200000,27.6490706049,6865.25,6890,6842.02,6873.81
1586908800000,28.941051987,6835.66,6868.68,6813.26,6868.68
1586912400000,32.1140245088,6880,6880,6827.06,6835.01
1586916000000,37.6326875688,6890.43,6902.4,6867.38,6878.31
1586919600000,53.8174540217,6904.37,6913.04,6878.45,6892
1586923200000,41.8178443582,6890.89,6928.57,6890.39,6903.24
1586926800000,33.9123777264,6904.15,6907.68,6879.22,6892.62
1586930400000,31.5465569753,6880.65,6917.1,6880.65,6906.89
1586934000000,40.4446711473,6864.07,6890.35,6863.22,6881.7
1586937600000,61.9266357255,6848.12,6877.2,6836.05,6864.07
1586941200000,36.2758004417,6840,6857.65,6826.48,6848.1
1586944800000,68.0064247149,6786.7,6866.66,6761.38,6841.23
1586948400000,49.846570855,6783.38,6797.99,6751.56,6785.71
1586952000000,417.6245753966,6716.89,6784.32,6682.45,6782.91
1586955600000,120.1838406968,6732.31,6748.31,6693.1,6714
1586959200000,81.8732888398,6722.78,6776.3,6719.66,6733.39
1586962800000,69.83568235,6701.58,6742.85,6700,6720
1586966400000,79.554662282,6732.25,6751.05,6700,6706.51
1586970000000,28.9422762553,6749.72,6760.97,6730,6733.33
1586973600000,78.5871844983,6752.61,6772.64,6747.72,6750.96
1586977200000,12.3490152131,6732.5,6751.05,6728.57,6751.05
1586980800000,12.7857386378,6741.43,6754.42,6715.74,6731.99
1586984400000,6.0618428336,6725,6761.59,6724.3,6743.88
1586988000000,43.5297975366,6708.58,6729.45,6696.25,6729.45
1586991600000,190.6994180528,6623.71,6713.75,6610,6712.1499999999
1586995200000,738.5083356616,6573.53,6625.03,6485.31,6625.03
1586998800000,114.0836725079,6624.93,6661.95,6550,6575.46
1587002400000,60.9490095,6640.34,6648.54,6610,6628.57
1587006000000,65.60035825,6653.55,6666,6594.78,6640.79
1587009600000,41.6252633584,6626.74,6676.72,6625.34,6653.56
1587013200000,26.9824051167,6633.59,6648.94,6626.21,6626.21
1587016800000,66.9976274155,6686.75,6693.28,6633.56,6633.56
1587020400000,939.6584628974,6894.08,6970,6688.81,6689.57
1587024000000,588.9896615718,7044.66,7150.53,6875,6895
1587027600000,137.657078738,7025.56,7095,7020.4,7049.22
1587031200000,168.0226091966,6955.02,7058.93,6915,7029.1
1587034800000,120.82710548,7021.33,7058.93,6940.74,6955.34
1587038400000,141.7820208446,7057,7070,6933.5,7021.42
1587042000000,86.6815676831,6982.79,7083.43,6975,7057
1587045600000,60.2768729786,7020.3,7027.38,6977.45,6982.33
1587049200000,61.8112880366,7049.25,7065,7003.6,7021.67
1587052800000,65.7405716354,7003.01,7060.44,6955,7047.79
1587056400000,11.0230290259,6999.99,7022.25,6989.42,7006.2
1587060000000,20.414367172,7010.59,7038.23,6973.62,7005.18
1587063600000,44.394778584,7068.77,7095.48,6995.76,7009.81
1587067200000,54.9274876985,7045.89,7072.25,6978.57,7072.25
1587070800000,22.6806804767,7065.11,7078.56,7031.83,7050.1
1587074400000,201.3991779575,7150.85,7168.05,7061.11,7064.71
1587078000000,145.4038664271,7102,7190,7066.66,7150.85
1587081600000,89.3313454824,7061.44,7138.79,7021.14,7102.41
1587085200000,40.0692126974,7106.3,7125,7061.29,7062.25
1587088800000,37.339249216,7065,7109.84,7065,7106.37
1587092400000,85.2343082636,7084.42,7092.46,7050.01,7064.47
1587096000000,54.3454982684,7045,7085.47,7015,7085.47
1587099600000,35.7089899502,7066.9,7083.04,7029.69,7045.81
1587103200000,90.0707853341,7054.57,7067.36,7012.87,7067.36
1587106800000,52.7470868124,7045.3,7066.66,7026.7,7056.51
1587110400000,44.8961625019,7055.04,7073.18,7029,7045.17
1587114000000,85.0283425461,7101.69,7123.38,7059.09,7059.09
1587117600000,149.3266558669,7091.21,7108.02,7080.99,7103.18
1587121200000,30.9155846353,7074.67,7113.96,7055.01,7096.66
1587124800000,38.3651375445,7095.85,7097,7065.61,7073.86
1587128400000,161.4466423895,7065,7099.2,7000,7099.2
1587132000000,55.1935888318,7028.52,7072.87,7011.95,7060.08
1587135600000,39.9714622831,7038.69,7058.44,7016,7026.37
1587139200000,15.8228547455,7055.57,7060.87,7031.27,7038.69
1587142800000,58.4299882515,7041.18,7065,7030.88,7057.68
1587146400000,38.6222538976,7035.26,7047.37,7025,7042
1587150000000,13.0103937087,7068.43,7085.71,7033.35,7034.7
1587153600000,4.0586029676,7051,7082.97,7048.97,7071.42
1587157200000,4.6193580305,7047.34,7076.54,7039,7055.67
1587160800000,7.8313074156,7049.69,7064.36,7049,7049.83
1587164400000,90.1338500872,7027.32,7144,7019,7057.14
1587168000000,10.854659138,7065.11,7071.33,7016,7027.32
1587171600000,13.371645501,7077.08,7088.29,7064.28,7068.1
1587175200000,41.60883279,7084.36,7111.24,7075.59,7078.57
1587178800000,100.58061976,7087.6,7105.44,7080,7082.14
1587182400000,18.2102514425,7081.33,7100,7080,7087.6
1587186000000,35.3717679486,7097.63,7117.09,7081.33,7081.33
1587189600000,20.26870442,7087.78,7107.14,7085.71,7098.56
1587193200000,24.2360563668,7092.18,7098.6,7081.81,7087.78
1587196800000,21.24453927,7092.54,7106.36,7081.58,7091.66
1587200400000,31.7564967224,7088.45,7100.01,7083.19,7089.27
1587204000000,25.9129664652,7078.43,7091.98,7054.22,7088.44
1587207600000,27.780017895,7103.63,7118.77,7062.58,7078.42
1587211200000,60.0578243231,7128.57,7156.85,7076.68,7106.64
1587214800000,389.404608434,7237.08,7257.14,7123.71,7133.22
1587218400000,134.3286479404,7222.85,7265.42,7213.07,7237.82
1587222000000,42.262497694,7241.91,7245,7213.07,7228.27
1587225600000,118.6461490135,7193.34,7255,7161.71,7241.91
1587229200000,35.8391454015,7188.99,7211.88,7180,7194.06
1587232800000,16.0330784978,7191.96,7199.21,7178.39,7192.49
1587236400000,17.4391019665,7212.52,7224.68,7186.29,7193.46
1587240000000,8.491525666,7219.12,7228.34,7201.53,7213.14
1587243600000,8.2091547531,7216,7234.5,7210,7221.14
1587247200000,109.3654097126,7264.53,7295.13,7210,7216
1587250800000,65.2730620952,7249.65,7275.88,7228.33,7264.44
1587254400000,120.3399717854,7221.42,7262.44,7185.71,7248.99
1587258000000,29.3171428319,7227.83,7233.96,7195.1,7223.48
1587261600000,37.8935246506,7232.96,7243,7212,7227.83
1587265200000,16.6862629291,7228.62,7235,7217.99,7230.46
1587268800000,19.4668099749,7224.86,7240.97,7219.3,7228.35
1587272400000,109.860839471,7119.75,7225.8,7107.12,7222.97
1587276000000,100.1149497,7155.14,7171.65,7104.86,7120.54
1587279600000,45.4126769722,7147.77,7162.94,7122.45,7155.07
1587283200000,16.9796086566,7142.85,7152.27,7123,7142.16
1587286800000,40.9806428739,7171.59,7181.06,7131.15,7142.85
1587290400000,10.3307439176,7166.37,7181.13,7155.11,7171.52
1587294000000,24.9210833702,7160.77,7166.5,7135.71,7166.5
1587297600000,27.3814196715,7154.07,7168.59,7144.01,7160.76
1587301200000,77.7909854566,7100,7155.69,7078.94,7155.08
1587304800000,106.7362591651,7108,7111.96,7056,7100
1587308400000,24.0154859863,7099.5,7117.32,7090.21,7108.31
1587312000000,32.3321817729,7124,7130,7088,7098.34
1587315600000,36.060361806,7157.14,7167.64,7120,7123.25
1587319200000,8.3854607344,7149.03,7164.27,7139.24,7159.15
1587322800000,2.4898918015,7135.71,7151.55,7116.3,7149.03
1587326400000,6.0199036136,7140.23,7145.74,7119.5,7134.97
1587330000000,53.1481613205,7185.71,7200,7137.22,7137.22
1587333600000,31.2420120258,7178.86,7189.85,7156.52,7183.64
1587337200000,39.2526065842,7118.66,7185.04,7109.63,7173.41
1587340800000,30.9690668792,7160.73,7171.96,7087.59,7120.67
1587344400000,29.9141385616,7156.23,7166.35,7134.69,7161.48
1587348000000,23.5595855861,7174.34,7185,7146.1,7156.51
1587351600000,16.0573549964,7161.57,7183.48,7156.7,7175.09
1587355200000,72.0132472732,7174.16,7209.99,7161.53,7161.53
1587358800000,20.5206317135,7175.72,7183.04,7153.56,7171.27
1587362400000,23.9035064448,7165.63,7178.34,7152.51,7173
1587366000000,68.2809966531,7185.71,7188.65,7157.14,7165.62
1587369600000,40.77926028,7151.83,7185.71,7135.37,7182.24
1587373200000,31.9827824897,7146.16,7155,7120,7150.7
1587376800000,239.3631577149,7078.27,7146.76,7035.45,7146.76
1587380400000,345.1595905767,6970,7081.16,6960,7077.95
1587384000000,248.4392938521,7036.48,7066.41,6918.15,6970.14
1587387600000,76.987225118,7022.68,7050,7010.03,7036.47
1587391200000,31.7042562133,7065.77,7073.21,7012.24,7024.89
1587394800000,37.465411745,7069.95,7095,7054.1,7067.52
1587398400000,51.160885596,7045.06,7087.42,7028.95,7071.95
1587402000000,232.4948947911,6869.21,7047.37,6841,7046.86
1587405600000,194.963946302,6868.8,6984.54,6830,6871.6
1587409200000,293.3599646144,6771.52,6892.83,6769.23,6868.5
1587412800000,91.7015889002,6858.86,6866.65,6755,6771.21
1587416400000,33.8441135745,6844.38,6878.45,6827.74,6859.94
1587420000000,28.3005258065,6876.99,6891.59,6841.82,6843.16
1587423600000,62.3578907643,6829.01,6883.11,6817.79,6876.99
1587427200000,76.207971829,6881.55,6913.04,6813.87,6829.02
1587430800000,60.1269523841,6875.42,6908.14,6868,6880.73
1587434400000,29.6302768047,6849.47,6886.51,6841.38,6875.42
1587438000000,40.2514148549,6859.53,6871.43,6841.38,6848
1587441600000,18.0359093063,6850.66,6867.14,6830.58,6858.05
1587445200000,18.7208093863,6882.61,6889.66,6842.02,6852.63
1587448800000,32.8814448632,6876.85,6899.04,6869.93,6888.86
1587452400000,14.92396712,6876.06,6884.22,6864.3,6876.55
1587456000000,33.2008166686,6860.55,6888.96,6849.61,6876.07
1587459600000,116.5043882972,6834.54,6869.54,6771.06,6859.5
1587463200000,32.5158173288,6805.66,6850,6805,6835.04
1587466800000,55.2327008472,6794,6825,6764.04,6806.62
1587470400000,45.5286035066,6807,6837.23,6783.88,6794.61
1587474000000,64.7861531536,6831.99,6834.7,6785,6808
1587477600000,92.4708046069,6816.46,6872.86,6810.43,6831.99
1587481200000,69.7006623269,6830.78,6850.78,6801,6816.95
1587484800000,35.95573512,6839.64,6855,6819.77,6832.66
1587488400000,344.2262008899,6892.48,6937.58,6805.08,6845
1587492000000,31.0352826452,6879.16,6903.21,6870.93,6896.58
1587495600000,13.1383356624,6867.34,6897.01,6867.34,6879.04
1587499200000,6.6765320014,6878.33,6887.32,6857.81,6867.35
1587502800000,8.7296088006,6887.59,6907.27,6871.11,6885.85
1587506400000,17.74281486,6890.6,6895.82,6875,6887.53
1587510000000,17.2825802462,6842.68,6897,6832.21,6890.6
1587513600000,23.5322734381,6836.63,6858.48,6820,6842.79
1587517200000,31.1014028267,6849.91,6849.91,6817.95,6834.22
1587520800000,52.4712483229,6870.25,6885.24,6845,6849.91
1587524400000,21.0509277272,6862.64,6876.87,6850.88,6870.25
1587528000000,28.8214437055,6854,6870,6845.33,6864.12
1587531600000,45.8236090086,6899.03,6909,6851.48,6854.85
1587535200000,70.6667721299,6930.41,6930.42,6882,6899.03
1587538800000,65.9492180554,6942,6959.47,6913.78,6930.26
1587542400000,28.8000049734,6948.23,6951.34,6921.38,6940.51
1587546000000,27.5454619586,6947.34,6974.07,6940,6951.45
1587549600000,15.47543993,6935.78,6950.42,6928.58,6947.49
1587553200000,22.8284431465,6955.07,6961.03,6935.33,6936.75
1587556800000,10.5346775448,6957.11,6965,6930,6955.65
1587560400000,270.7998543912,7061.66,7095,6946.87,6953.37
1587564000000,145.35029014,7090.14,7124.96,7051.53,7061.64
1587567600000,104.5319548647,7107.62,7112.91,7075.1,7090.99
1587571200000,87.1540078304,7119.71,7150.66,7093.91,7113.28
1587574800000,53.0293946546,7082.65,7125.56,7068.12,7119.7
1587578400000,11.8548660414,7095.26,7120,7079.08,7084.09
1587582000000,9.4680197406,7085.71,7116.95,7085.71,7095.54
1587585600000,9.4866835582,7107.51,7109.45,7075.67,7087.25
1587589200000,14.7830465384,7091.83,7129.48,7087.36,7108.02
1587592800000,10.9114350457,7110,7113.96,7086.72,7094.2
1587596400000,14.634524524,7126.41,7128.63,7100,7110.01
1587600000000,32.2031617093,7115.39,7142.3,7100,7126.41
1587603600000,60.3011209995,7168.94,7178.39,7114.54,7114.54
1587607200000,72.8203345803,7127.05,7180,7124.07,7169.46
1587610800000,49.4768000196,7113.61,7152.49,7110.3,7125.18
1587614400000,25.6820960897,7127.94,7128.71,7094.61,7114.92
1587618000000,39.4507009314,7103.47,7131.03,7097.22,7128.14
1587621600000,122.072270912,7038.17,7101.74,7023.8,7101.74
1587625200000,40.0093046723,7059.5,7071.33,7033.67,7037.51
1587628800000,27.5683050105,7078.79,7097.14,7043.55,7061.14
1587632400000,23.8580292467,7097.57,7099.52,7051.62,7076.53
1587636000000,38.7905662346,7063.28,7100,7060.81,7098.34
1587639600000,61.2369671238,7132.8,7144.53,7059.8,7063.23
1587643200000,189.6224321261,7167.32,7179.73,7111.59,7132.79
1587646800000,222.9906116587,7234.66,7248,7150,7168.34
1587650400000,1191.4764242776,7534.64,7732.58,7235.7,7235.71
1587654000000,174.4723036138,7529.11,7551.87,7466.61,7535.64
1587657600000,140.9066545277,7502.67,7598.98,7485.5,7529.1
1587661200000,133.4364220073,7549.99,7550,7504.49,7505.17
1587664800000,65.9539013874,7537.13,7565.98,7509.95,7550
1587668400000,14.7750839746,7522.78,7539.57,7512,7537.14
1587672000000,16.083171535,7531.85,7559.32,7520.96,7522
1587675600000,49.4644501583,7588.51,7600,7530.89,7531.84
1587679200000,62.9546254303,7561.89,7595.21,7539.8,7590.07
1587682800000,110.1807907194,7482.91,7561.89,7438,7561.89
1587686400000,31.2877934405,7491.05,7523.21,7473.25,7484.13
1587690000000,52.5260001186,7483.06,7516,7461.76,7490.39
1587693600000,44.2138421848,7523,7528,7477.15,7483.05
1587697200000,36.280191892,7521.5,7549.5,7505.66,7519.06
1587700800000,44.7149987575,7542.08,7542.08,7500,7521.5
1587704400000,33.8947415728,7497.5,7544.6,7497.5,7542.07
1587708000000,28.7508068335,7531.75,7532.02,7496.18,7499.11
1587711600000,54.2774910899,7568.78,7588,7523,7528.59
1587715200000,44.5208951245,7553.04,7576.98,7520.03,7568.99
1587718800000,104.3748888548,7583.33,7608.57,7545.78,7554.88
1587722400000,53.683921265,7534.08,7581.74,7503,7581.74
1587726000000,199.0921293422,7495.81,7642.85,7482.28,7529.32
1587729600000,53.3422784891,7506.25,7525.07,7455.7,7496.54
1587733200000,48.1901066976,7482,7518.37,7482,7504.96
1587736800000,185.3187809091,7499.91,7508.45,7400.09,7482.01
1587740400000,67.731363464,7504.99,7522.22,7480.91,7499.01
1587744000000,21.6877741092,7512.46,7519.22,7482.28,7504.98
1587747600000,46.3526820101,7507.93,7516.79,7498.08,7516.3
1587751200000,14.9633727941,7515.11,7542.06,7507.15,7507.15
1587754800000,10.246796917,7523.44,7524.09,7500.56,7517.98
1587758400000,7.1532023043,7526.21,7544,7521.39,7523
1587762000000,7.8811673587,7495,7546.96,7495,7526.59
1587765600000,19.73528456,7486.13,7516.74,7477.74,7498.43
1587769200000,18.25556302,7503.6,7504.8,7484.67,7486.13
1587772800000,45.3260491394,7470.99,7509.97,7440,7503.68
1587776400000,46.8184424554,7482.43,7495,7453.05,7468.73
1587780000000,19.1639923432,7485.71,7500,7473.43,7482.49
1587783600000,61.3770710035,7516.09,7520.5,7485.35,7489.89
1587787200000,77.9613342141,7520.12,7525.8,7496.12,7518.3
1587790800000,50.3498346577,7560.45,7560.45,7517.52,7520.47
1587794400000,76.36776209,7579.99,7588,7532.06,7560.44
1587798000000,94.0169229415,7559.99,7600,7547.98,7580.03
1587801600000,55.6813475081,7550.22,7576.25,7511.31,7560
1587805200000,35.6988067116,7558.21,7565,7534.36,7550.22
1587808800000,21.9183740298,7562.26,7570,7538.98,7558.21
1587812400000,75.8385978963,7538.21,7598.28,7515,7563
1587816000000,24.3966674276,7553.27,7560.87,7531.19,7534.31
1587819600000,43.26165794,7594.48,7595,7551.46,7553.42
1587823200000,69.3880607694,7575,7598.28,7536.33,7595
1587826800000,281.4176003655,7525.25,7699,7516,7577.3
1587830400000,98.683226103,7550.03,7568.3,7479.71,7528.02
1587834000000,22.3885705768,7539.83,7556.82,7525.58,7549.16
1587837600000,10.5418181264,7531.31,7545.42,7527.54,7541.56
1587841200000,7.7268226094,7542.72,7549.34,7520,7531.49
1587844800000,4.1286707426,7546.33,7557.51,7542.72,7542.72
1587848400000,30.944673959,7525.24,7546.33,7501,7546.33
1587852000000,9.2576883574,7538.38,7548.97,7518.01,7524.95
1587855600000,12.7623051,7540.06,7542,7513.42,7536.95
1587859200000,12.9936875502,7563.36,7567.4,7526.62,7540.71
1587862800000,32.723943285,7561.56,7581.37,7555.69,7565.39
1587866400000,26.7930389073,7564.39,7580.61,7548.36,7561.96
1587870000000,19.96069308,7565,7570.46,7552.5,7563.44
1587873600000,17.3210116721,7556.96,7567.03,7536.86,7565
1587877200000,29.8825884851,7530.54,7556.97,7529.94,7556.97
1587880800000,26.05820661,7547.38,7551.13,7527.24,7530.54
1587884400000,30.8197650246,7547,7556.9,7536.56,7547.38
1587888000000,27.5481119849,7548.01,7552.68,7530.98,7547
1587891600000,20.31542943,7579.56,7591.34,7549.21,7549.21
1587895200000,139.583260317,7641.28,7657,7568.01,7580
1587898800000,118.44751745,7661.46,7672.79,7616.03,7640.63
1587902400000,51.1728892529,7642.02,7666.84,7625.69,7661.46
1587906000000,85.03840599,7680.71,7699.34,7630.53,7642.02
1587909600000,57.5978908282,7640.75,7700,7624.14,7680.87
1587913200000,210.1723653092,7545.13,7640.95,7488,7640.95
1587916800000,22.8039760886,7566.5,7586.64,7534.53,7546.07
1587920400000,12.6871851057,7583.15,7588.49,7560.21,7565.64
1587924000000,33.3390731201,7626.88,7630,7568.28,7583.46
1587927600000,34.9404403303,7648.86,7653.09,7611.54,7624.79
1587931200000,15.162117033,7640.62,7654.87,7622.74,7648.97
1587934800000,12.7943503025,7622.31,7653.1,7610.65,7644.09
1587938400000,23.20990241,7611.41,7637.51,7580.93,7622.31
1587942000000,54.2314701751,7695.27,7696.91,7611.41,7613.31
1587945600000,224.2946872142,7744.07,7774.96,7695.27,7695.27
1587949200000,185.8187996612,7694.41,7792.85,7645.91,7744.08
1587952800000,54.0138346998,7732.57,7734.08,7689.55,7697.92
1587956400000,37.681848247,7730.03,7749.63,7722.19,7732.57
1587960000000,33.8620013871,7730.82,7736.03,7699.82,7732.49
1587963600000,33.8059627816,7699.06,7746,7686,7731.32
1587967200000,91.0705938676,7655.51,7710.23,7641.02,7697.59
1587970800000,68.8449415272,7696.08,7697.96,7631.78,7654.46
1587974400000,52.120299745,7704.2,7737.02,7679.86,7696.39
1587978000000,61.7502478975,7702.05,7724.87,7677.52,7704.2
1587981600000,46.8891622484,7690.98,7710,7664.28,7705.61
1587985200000,38.124704625,7712.46,7720,7680.58,7690
1587988800000,38.0052753122,7696.26,7721.42,7671.42,7717.29
1587992400000,147.171999529,7689.59,7702.22,7622.85,7696.26
1587996000000,64.7247394333,7665.21,7690,7627.81,7690
1587999600000,20.83668616,7673.79,7690.6,7650.61,7664.11
1588003200000,20.4143983233,7663.57,7687.01,7655.99,7677.41
1588006800000,15.8602430921,7658.92,7669,7640.74,7665.85
1588010400000,21.9426326148,7707.66,7711.35,7661.7,7662.03
1588014000000,14.0570483556,7699.02,7719.29,7690.62,7711.12
1588017600000,3.3923551351,7695.79,7708.61,7682.63,7700.14
1588021200000,62.18651252,7725.99,7757.64,7692.29,7696.36
1588024800000,45.9542157424,7762.87,7770.54,7715.26,7726
1588028400000,49.0886463197,7774.81,7778,7740.62,7762.07
1588032000000,44.9054356965,7741,7780,7722,7775.61
1588035600000,42.4777306377,7695.1,7741,7685.06,7740.85
1588039200000,53.2730068666,7702.59,7704.23,7670,7690.5
1588042800000,13.8532659842,7702,7709.61,7678.01,7702.58
1588046400000,73.5520223056,7687.28,7709.87,7660.46,7702.45
1588050000000,10.3516396406,7699.16,7701.91,7675.53,7689.79
1588053600000,17.4618324477,7712,7724.06,7679.52,7697.69
1588057200000,12.7727169883,7705.15,7713.03,7690.6,7713.03
1588060800000,13.60766694,7687.11,7706.23,7681.43,7705.68
1588064400000,45.367249374,7744.35,7744.35,7685.95,7687.11
1588068000000,35.9209882889,7743.71,7750,7718.02,7743.96
1588071600000,18.493365411,7727.92,7747,7726.63,7743.72
1588075200000,43.7148126966,7756.51,7759.39,7713.68,7729.16
1588078800000,28.71164757,7733.04,7760,7728,7753.93
1588082400000,45.5648036102,7686.88,7739.96,7682.69,7728.66
1588086000000,39.3970199136,7718.38,7728.45,7669.3,7685.09
1588089600000,14.3224705214,7727.02,7738.91,7706.89,7716.93
1588093200000,14.1023971639,7726.28,7736.83,7710.08,7726.01
1588096800000,9.2231084929,7733.94,7739.82,7723.15,7728.58
1588100400000,4.3759799982,7713.79,7741,7704.96,7734.39
1588104000000,8.3498197921,7724.39,7736.13,7702.93,7718.12
1588107600000,9.9310330954,7726.9,7728.56,7706.8,7724.39
1588111200000,18.0605208681,7751.42,7755,7719.15,7728.62
1588114800000,38.0232049031,7740.96,7765,7740.89,7750.72
1588118400000,23.1963464068,7730.61,7760.4,7730.61,7738.11
1588122000000,17.7372018394,7760.45,7765.1,7729.59,7731.75
1588125600000,341.6967494442,7786.11,7848.53,7710,7759.99
1588129200000,155.5157535841,7813.98,7830.13,7786.21,7786.21
1588132800000,36.3978020737,7839.45,7842,7807.43,7814.6
1588136400000,109.2320855929,7860,7868.63,7825.56,7839.99
1588140000000,238.5985810632,7940.29,7958,7846.15,7859.99
1588143600000,82.4735726613,7947.37,7964,7916.85,7942.48
1588147200000,43.3428580602,7941.13,7961.6,7930,7944.01
1588150800000,85.0126769888,7980,7988,7938.85,7942.76
1588154400000,429.1568459154,8109.67,8150,7967.56,7980.01
1588158000000,166.5752099118,8127.1,8170,8100.9,8109.29
1588161600000,161.3220604528,8238.35,8250,8123.7,8127.09
1588165200000,426.0351013748,8293.77,8383.16,8241.81,8241.81
1588168800000,115.8680049954,8348.14,8355.99,8260.12,8296.97
1588172400000,78.1609945012,8355.42,8373.15,8284.9,8348.15
1588176000000,1061.9931166121,8578.5,8765.09,8330,8356
1588179600000,972.9233521164,8710.43,8950,8580.6,8580.6
1588183200000,181.3054873874,8619.53,8738.85,8570.1,8708.92
1588186800000,72.5500124046,8718.51,8776.69,8620.59,8620.59
1588190400000,100.5753407633,8915.32,8917.84,8700,8723.19
1588194000000,200.7777949638,8854.5,8928.57,8759.1,8916.92
1588197600000,164.8406309669,8755.23,8856.71,8690,8856.71
1588201200000,89.4561166336,8777.14,8790.3,8711.73,8753.63
1588204800000,79.9504411312,8813.35,8817.59,8709.79,8777.14
1588208400000,89.8835711023,8848,8867.34,8798.54,8813.35
1588212000000,161.5724332808,8948.52,8967.6,8814.28,8848.28
1588215600000,603.4915318744,9293.47,9300,8860,8945.94
1588219200000,348.5328448243,9156.01,9291.69,9055.36,9291.69
1588222800000,225.6641773387,9360.15,9395,9156.01,9156.02
1588226400000,465.321662916,9313.3,9457.45,9255.5,9363.34
1588230000000,340.245241412,9179.84,9330.1,9020.4,9315.38
1588233600000,94.3789708775,9113.23,9219.01,9090.4,9175.51
1588237200000,616.9109149299,8640.5,9114.19,8640.5,9114.19
1588240800000,471.5664095642,8898.25,8905.48,8550,8641.2
1588244400000,154.097771905,8843.4,8952.28,8832.65,8898.43
1588248000000,121.356609684,8761.12,8910,8701,8841.56
1588251600000,132.3633993872,8854.24,8864.26,8715,8762.93
1588255200000,128.789019582,8820.77,8896.42,8787.47,8855.36
1588258800000,110.2002512413,8782.46,8851.38,8728.61,8822.17
1588262400000,113.0568026578,8687.1,8793.29,8633,8781.27
1588266000000,447.748546602,8551.99,8710.66,8400,8692.67
1588269600000,159.7315316096,8661.95,8722.75,8552,8552
1588273200000,42.4234733361,8843.93,8854.48,8665.53,8665.53
1588276800000,67.2120540959,8819.05,8876.23,8676.8,8839.39
1588280400000,29.4564495677,8760.62,8843.73,8738.33,8819.83
1588284000000,86.3325685678,8754.12,8767.62,8630.2,8763.59
1588287600000,86.113243297,8623.7,8770.2,8584.07,8755.56
1588291200000,87.3680949922,8706.94,8740,8614.28,8624.62
1588294800000,43.6061079253,8666.78,8758.3,8664.7,8709.24
1588298400000,64.26395173,8723.76,8730.37,8653.06,8666.8
1588302000000,54.03879552,8676.83,8737.51,8666.7,8725.25
1588305600000,52.8402499652,8791.23,8795.65,8676.83,8676.83
1588309200000,80.8218934141,8816.64,8833.31,8758.3,8792.49
1588312800000,29.052583483,8757,8812.64,8750,8812.64
1588316400000,93.7800219547,8766.71,8779.37,8707,8758.84
1588320000000,21.388441531,8794.36,8799.07,8746.73,8769.34
1588323600000,95.6701936448,8843.44,8854.28,8773.11,8796.66
1588327200000,101.0190334195,8899.18,8900,8818.31,8844.62
1588330800000,267.5823076989,8995.15,9056,8871.78,8900
1588334400000,173.2111664044,8874.91,9020,8820.2,8995.16
1588338000000,135.4138448251,8794,8920.47,8779.19,8880
1588341600000,121.5033670666,8828,8839.71,8719.18,8794.59
1588345200000,68.7460370924,8730,8857.13,8730,8828
1588348800000,115.0129141118,8730.69,8761.25,8661.48,8730.01
1588352400000,42.9219508869,8762.38,8764.4,8691.56,8739.22
1588356000000,18.8137112106,8736.59,8779.22,8725,8765.55
1588359600000,35.5567983736,8729.51,8769.93,8706.03,8736.36
1588363200000,15.7781601783,8732.03,8743.96,8671.72,8729.83
1588366800000,24.688393775,8842.22,8847.8,8732.98,8732.98
1588370400000,16.1771756891,8836.41,8863.1,8805.99,8844.82
1588374000000,62.9757137945,8817.49,8890.28,8800,8838.03
1588377600000,55.3370999063,8830.3,8843.06,8766,8824.98
1588381200000,32.1288264235,8792.61,8831.55,8775.51,8831.54
1588384800000,44.4570878224,8811.8,8836.05,8757.14,8795.23
1588388400000,25.20062346,8837.43,8855.82,8800,8812.96
1588392000000,50.5277611642,8814.18,8853.36,8793.48,8836.65
1588395600000,32.6335336057,8817.78,8828.8,8784.73,8818.68
1588399200000,47.02285389,8817.26,8845.03,8810.05,8819.51
1588402800000,33.676306685,8802.29,8827.21,8782.88,8817.25
1588406400000,54.737525456,8777.16,8818.67,8770.2,8798.64
1588410000000,39.6047100593,8808.7,8822.91,8777.16,8777.17
1588413600000,38.2137059036,8828.84,8843.74,8808.69,8808.7
1588417200000,42.8417168497,8836.73,8888,8830.7,8830.7
1588420800000,76.0538688922,8861.55,8935.61,8836.06,8838.82
1588424400000,58.6766623608,8896.18,8907.52,8852.55,8860.58
1588428000000,45.8783258077,8920.89,8950,8887.99,8899.34
1588431600000,63.6473307205,8935.15,8965.14,8895.12,8917.02
1588435200000,112.8992232544,8977.91,9008.88,8920.1,8935.15
1588438800000,23.2326864915,8972.17,8995.35,8950.21,8982.21
1588442400000,69.5857388169,8864.26,8972.17,8813,8972.17
1588446000000,47.6726059468,8877.65,8882.48,8828.94,8868
1588449600000,11.1604708717,8927.99,8927.99,8862.95,8880.53
1588453200000,9.9636906,8924.03,8936.35,8886.34,8928
1588456800000,13.0329478063,8929.82,8935.43,8900,8925
1588460400000,27.92723485,8974.68,8985,8928.14,8933.75
1588464000000,216.4310876681,9123.78,9144.06,8940.96,8974.98
1588467600000,179.8473245806,9116,9189.06,9064.03,9124.8
1588471200000,58.918052776,9071.7,9142.85,9071.7,9116.41
1588474800000,45.7435360123,9137.06,9158.3,9074.3,9074.3
1588478400000,30.9128310446,9110.78,9146.72,9106.72,9135.07
1588482000000,76.5852263868,9111.87,9123.25,9080,9110.78
